{"cameraMode":{"drawMode":0,"name":"Shaded","section":"Shading Mode"},"sceneLighting":false,"audioPlay":false,"sceneViewState":{"m_AlwaysRefresh":false,"showFog":true,"showSkybox":false,"showFlares":true,"showImageEffects":true,"showParticleSystems":true,"showVisualEffectGraphs":true,"m_FxEnabled":true},"in2DMode":false,"pivot":{"x":16.295124053955079,"y":-8.547784805297852,"z":-0.525528609752655},"rotation":{"x":0.22208763659000398,"y":-0.34626761078834536,"z":0.08473828434944153,"w":0.9075310230255127},"size":2.0293312072753908,"orthographic":false}