{"cameraMode":{"drawMode":0,"name":"Shaded","section":"Shading Mode"},"sceneLighting":false,"audioPlay":false,"sceneViewState":{"m_AlwaysRefresh":false,"showFog":true,"showSkybox":false,"showFlares":true,"showImageEffects":true,"showParticleSystems":true,"showVisualEffectGraphs":true,"m_FxEnabled":true},"in2DMode":false,"pivot":{"x":16.026107788085939,"y":-8.593259811401368,"z":-0.47230958938598635},"rotation":{"x":0.14186011254787446,"y":-0.1493600606918335,"z":0.021656982600688936,"w":0.9783188700675964},"size":15.845660209655762,"orthographic":false}